algorithm,gap_variant,n,dataset,trial,seed,time_ms,comparisons,swaps,writes
bubble,,100,few_unique,1,3626764237,1.3763,4740,2391,4782
bubble,,100,few_unique,2,1806341205,1.2539,4884,2211,4422
bubble,,100,few_unique,3,2195908194,1.2914,4845,2210,4420
bubble,,100,few_unique,4,2046968324,1.3806,4797,2089,4178
bubble,,100,few_unique,5,3900315155,1.3195,4884,2117,4234
bubble,,100,few_unique,6,2167613558,1.2438,4599,2138,4276
bubble,,100,few_unique,7,1210484339,1.4314,4845,2405,4810
bubble,,100,few_unique,8,3246154361,1.4912,4859,2319,4638
bubble,,100,few_unique,9,3874773259,1.4502,4872,2085,4170
bubble,,100,few_unique,10,1332073689,1.4131,4859,2097,4194
bubble,,500,few_unique,1,3134603515,38.0887,124450,62773,125546
bubble,,500,few_unique,2,2937688618,37.7414,124630,60058,120116
bubble,,500,few_unique,3,432508404,42.8591,124120,62030,124060
bubble,,500,few_unique,4,1864753826,40.5653,124560,58537,117074
bubble,,500,few_unique,5,3921352636,33.7428,124399,60445,120890
bubble,,500,few_unique,6,2048741382,34.0655,124695,61900,123800
bubble,,500,few_unique,7,1118805955,34.5212,123970,62621,125242
bubble,,500,few_unique,8,60308648,35.0228,124285,62338,124676
bubble,,500,few_unique,9,3726325546,38.3722,123669,63747,127494
bubble,,500,few_unique,10,3738645480,35.0596,124344,63580,127160
bubble,,1000,few_unique,1,2437440079,145.869,496944,250733,501466
bubble,,1000,few_unique,2,4155553746,148.1453,497222,254503,509006
bubble,,1000,few_unique,3,1924014660,150.2111,498597,249258,498516
bubble,,1000,few_unique,4,4006490763,154.0821,497154,256619,513238
bubble,,1000,few_unique,5,468399889,147.4553,499364,245251,490502
bubble,,1000,few_unique,6,2367674807,151.9632,499035,241527,483054
bubble,,1000,few_unique,7,3034658173,151.4842,498939,247991,495982
bubble,,1000,few_unique,8,2351240810,150.5805,498939,251796,503592
bubble,,1000,few_unique,9,2320500417,145.2307,498225,242582,485164
bubble,,1000,few_unique,10,2523796087,148.1548,498905,253092,506184
bubble,,100,nearly_sorted,1,1911213317,0.6461,3410,121,242
bubble,,100,nearly_sorted,2,1653137829,0.5325,2805,125,250
bubble,,100,nearly_sorted,3,2472402290,0.8003,4089,238,476
bubble,,100,nearly_sorted,4,1246955724,0.8459,4389,161,322
bubble,,100,nearly_sorted,5,801997237,0.9383,4697,281,562
bubble,,100,nearly_sorted,6,2820330615,0.6242,3297,151,302
bubble,,100,nearly_sorted,7,2046685052,0.4248,2249,65,130
bubble,,100,nearly_sorted,8,3253884088,0.9653,4940,279,558
bubble,,100,nearly_sorted,9,3765700075,0.7744,3915,203,406
bubble,,100,nearly_sorted,10,3965891272,0.5048,2672,103,206
bubble,,500,nearly_sorted,1,3618339112,23.701,119394,6472,12944
bubble,,500,nearly_sorted,2,3485918757,24.3588,119599,4932,9864
bubble,,500,nearly_sorted,3,3648514451,25.0574,122539,5548,11096
bubble,,500,nearly_sorted,4,4079209076,22.9346,116494,5984,11968
bubble,,500,nearly_sorted,5,2489771122,21.6113,108997,4018,8036
bubble,,500,nearly_sorted,6,1935153793,22.808,113724,4477,8954
bubble,,500,nearly_sorted,7,3407305306,22.6114,113575,4248,8496
bubble,,500,nearly_sorted,8,353789296,22.3245,110554,3638,7276
bubble,,500,nearly_sorted,9,2631883398,24.503,119899,6750,13500
bubble,,500,nearly_sorted,10,2706462215,23.9057,119079,4983,9966
bubble,,1000,nearly_sorted,1,3629580546,101.7438,491750,18788,37576
bubble,,1000,nearly_sorted,2,1043830061,97.0857,462099,17911,35822
bubble,,1000,nearly_sorted,3,3141722290,95.6253,463989,19021,38042
bubble,,1000,nearly_sorted,4,946870804,106.7222,498759,17043,34086
bubble,,1000,nearly_sorted,5,3412707896,115.3603,495672,24098,48196
bubble,,1000,nearly_sorted,6,1428231901,103.8584,490047,19773,39546
bubble,,1000,nearly_sorted,7,3504320067,100.6138,492597,18132,36264
bubble,,1000,nearly_sorted,8,2996472582,100.4104,498324,16101,32202
bubble,,1000,nearly_sorted,9,2923108076,103.515,497154,17124,34248
bubble,,1000,nearly_sorted,10,114661864,98.4137,497015,17396,34792
bubble,,100,random,1,2727303856,1.3823,4935,2819,5638
bubble,,100,random,2,2473699103,1.2417,4740,2406,4812
bubble,,100,random,3,1680231637,1.288,4859,2488,4976
bubble,,100,random,4,4211286945,1.3721,4905,2768,5536
bubble,,100,random,5,92928119,1.3648,4949,2637,5274
bubble,,100,random,6,532125690,1.334,4830,2264,4528
bubble,,100,random,7,3439180443,1.3629,4935,2549,5098
bubble,,100,random,8,1116347426,1.3263,4872,2489,4978
bubble,,100,random,9,948454521,1.2875,4779,2352,4704
bubble,,100,random,10,2778524824,1.2736,4830,2373,4746
bubble,,500,random,1,1504501144,34.7725,124285,65040,130080
bubble,,500,random,2,774459493,34.3725,124047,63361,126722
bubble,,500,random,3,2163102318,35.0799,124084,65787,131574
bubble,,500,random,4,4244437633,35.7027,123930,62744,125488
bubble,,500,random,5,856226606,36.5094,124084,62014,124028
bubble,,500,random,6,3142190795,34.0401,124344,59260,118520
bubble,,500,random,7,2888969234,34.7397,124222,63339,126678
bubble,,500,random,8,2904264544,35.5686,123760,59732,119464
bubble,,500,random,9,3631070993,43.1072,124659,63367,126734
bubble,,500,random,10,1076693935,52.6687,124597,61655,123310
bubble,,1000,random,1,750843993,152.6144,499409,250014,500028
bubble,,1000,random,2,1533954791,151.3463,499175,260215,520430
bubble,,1000,random,3,1077747587,155.297,498174,248394,496788
bubble,,1000,random,4,53413578,144.7309,497904,251379,502758
bubble,,1000,random,5,3185037723,143.7508,498069,245572,491144
bubble,,1000,random,6,1206384019,145.9379,497420,248029,496058
bubble,,1000,random,7,4093659351,149.2085,499122,250413,500826
bubble,,1000,random,8,2667504740,150.4815,498834,248678,497356
bubble,,1000,random,9,3073561711,147.0067,497730,247948,495896
bubble,,1000,random,10,2795305861,155.4065,499290,256579,513158
bubble,,100,reversed,1,1436244341,2.0841,4950,4944,9888
bubble,,100,reversed,2,1028283729,1.882,4950,4945,9890
bubble,,100,reversed,3,2737609583,1.8113,4950,4943,9886
bubble,,100,reversed,4,1779861933,1.8185,4950,4943,9886
bubble,,100,reversed,5,200917231,1.7349,4950,4948,9896
bubble,,100,reversed,6,1912773091,1.6748,4950,4946,9892
bubble,,100,reversed,7,677258676,1.6954,4950,4944,9888
bubble,,100,reversed,8,3244782399,1.735,4950,4942,9884
bubble,,100,reversed,9,3796214880,1.7323,4950,4946,9892
bubble,,100,reversed,10,2124216399,1.6709,4950,4946,9892
bubble,,500,reversed,1,2005286885,45.6325,124750,124729,249458
bubble,,500,reversed,2,3489295581,46.5313,124750,124726,249452
bubble,,500,reversed,3,3116232237,48.3939,124750,124725,249450
bubble,,500,reversed,4,4238366006,45.163,124750,124727,249454
bubble,,500,reversed,5,2914199755,45.8538,124750,124721,249442
bubble,,500,reversed,6,1357970475,46.3022,124750,124733,249466
bubble,,500,reversed,7,917081460,46.155,124750,124728,249456
bubble,,500,reversed,8,419980565,48.5733,124750,124725,249450
bubble,,500,reversed,9,2788573788,46.2165,124750,124736,249472
bubble,,500,reversed,10,3752314605,46.1074,124750,124731,249462
bubble,,1000,reversed,1,4202690751,189.5236,499500,499434,998868
bubble,,1000,reversed,2,430272795,203.9569,499500,499447,998894
bubble,,1000,reversed,3,349375932,200.9802,499500,499459,998918
bubble,,1000,reversed,4,3403080980,194.5202,499500,499459,998918
bubble,,1000,reversed,5,3699512615,216.6186,499500,499466,998932
bubble,,1000,reversed,6,1490581366,199.7004,499500,499445,998890
bubble,,1000,reversed,7,3744626685,197.9804,499500,499466,998932
bubble,,1000,reversed,8,79776130,197.6054,499500,499443,998886
bubble,,1000,reversed,9,174647438,197.416,499500,499442,998884
bubble,,1000,reversed,10,2924858879,202.838,499500,499454,998908
bubble,,100,sorted,1,2398119636,0.0228,99,0,0
bubble,,100,sorted,2,4065197528,0.0212,99,0,0
bubble,,100,sorted,3,2814757767,0.0209,99,0,0
bubble,,100,sorted,4,3877110562,0.0224,99,0,0
bubble,,100,sorted,5,2749385531,0.0199,99,0,0
bubble,,100,sorted,6,2310386536,0.0194,99,0,0
bubble,,100,sorted,7,892683641,0.0194,99,0,0
bubble,,100,sorted,8,2521684855,0.0189,99,0,0
bubble,,100,sorted,9,38212703,0.0199,99,0,0
bubble,,100,sorted,10,648639589,0.0199,99,0,0
bubble,,500,sorted,1,1431978117,0.1079,499,0,0
bubble,,500,sorted,2,3391405645,0.1847,499,0,0
bubble,,500,sorted,3,3085931548,0.1096,499,0,0
bubble,,500,sorted,4,2665190898,0.1045,499,0,0
bubble,,500,sorted,5,176965319,0.1054,499,0,0
bubble,,500,sorted,6,703775687,0.1061,499,0,0
bubble,,500,sorted,7,1243525559,0.105,499,0,0
bubble,,500,sorted,8,2355722127,0.1042,499,0,0
bubble,,500,sorted,9,1260173501,0.1038,499,0,0
bubble,,500,sorted,10,207259503,0.105,499,0,0
bubble,,1000,sorted,1,304353766,0.2244,999,0,0
bubble,,1000,sorted,2,1410985724,0.2092,999,0,0
bubble,,1000,sorted,3,1781215744,0.2199,999,0,0
bubble,,1000,sorted,4,3902654485,0.2073,999,0,0
bubble,,1000,sorted,5,2035834473,0.2066,999,0,0
bubble,,1000,sorted,6,1475972382,0.2006,999,0,0
bubble,,1000,sorted,7,2057660952,0.2133,999,0,0
bubble,,1000,sorted,8,3004738892,0.1948,999,0,0
bubble,,1000,sorted,9,1831955274,0.1923,999,0,0
bubble,,1000,sorted,10,1296664028,0.2077,999,0,0
insertion,,100,few_unique,1,3626764237,0.7833,2487,0,2490
insertion,,100,few_unique,2,1806341205,0.7033,2307,0,2310
insertion,,100,few_unique,3,2195908194,0.7001,2309,0,2309
insertion,,100,few_unique,4,2046968324,0.6702,2187,0,2188
insertion,,100,few_unique,5,3900315155,0.7022,2216,0,2216
insertion,,100,few_unique,6,2167613558,0.6902,2235,0,2237
insertion,,100,few_unique,7,1210484339,0.7838,2504,0,2504
insertion,,100,few_unique,8,3246154361,0.7838,2417,0,2418
insertion,,100,few_unique,9,3874773259,0.6739,2181,0,2184
insertion,,100,few_unique,10,1332073689,0.7015,2194,0,2196
insertion,,500,few_unique,1,3134603515,20.8653,63266,0,63272
insertion,,500,few_unique,2,2937688618,20.3195,60553,0,60557
insertion,,500,few_unique,3,432508404,21.1171,62528,0,62529
insertion,,500,few_unique,4,1864753826,20.1554,59032,0,59036
insertion,,500,few_unique,5,3921352636,19.6599,60940,0,60944
insertion,,500,few_unique,6,2048741382,20.682,62396,0,62399
insertion,,500,few_unique,7,1118805955,20.8829,63114,0,63120
insertion,,500,few_unique,8,60308648,20.9527,62835,0,62837
insertion,,500,few_unique,9,3726325546,21.338,64245,0,64246
insertion,,500,few_unique,10,3738645480,21.2558,64076,0,64079
insertion,,1000,few_unique,1,2437440079,86.6797,251728,0,251732
insertion,,1000,few_unique,2,4155553746,98.7819,255498,0,255502
insertion,,1000,few_unique,3,1924014660,86.1469,250255,0,250257
insertion,,1000,few_unique,4,4006490763,92.3879,257613,0,257618
insertion,,1000,few_unique,5,468399889,83.2595,246249,0,246250
insertion,,1000,few_unique,6,2367674807,85.1358,242523,0,242526
insertion,,1000,few_unique,7,3034658173,86.8642,248984,0,248990
insertion,,1000,few_unique,8,2351240810,85.6875,252793,0,252795
insertion,,1000,few_unique,9,2320500417,87.3768,243578,0,243581
insertion,,1000,few_unique,10,2523796087,89.7211,254088,0,254091
insertion,,100,nearly_sorted,1,1911213317,0.0722,218,0,220
insertion,,100,nearly_sorted,2,1653137829,0.0713,224,0,224
insertion,,100,nearly_sorted,3,2472402290,0.1085,337,0,337
insertion,,100,nearly_sorted,4,1246955724,0.083,260,0,260
insertion,,100,nearly_sorted,5,801997237,0.123,380,0,380
insertion,,100,nearly_sorted,6,2820330615,0.0799,250,0,250
insertion,,100,nearly_sorted,7,2046685052,0.0517,164,0,164
insertion,,100,nearly_sorted,8,3253884088,0.1232,378,0,378
insertion,,100,nearly_sorted,9,3765700075,0.0941,302,0,302
insertion,,100,nearly_sorted,10,3965891272,0.0618,202,0,202
insertion,,500,nearly_sorted,1,3618339112,2.3537,6971,0,6971
insertion,,500,nearly_sorted,2,3485918757,1.8998,5431,0,5431
insertion,,500,nearly_sorted,3,3648514451,2.0675,6047,0,6047
insertion,,500,nearly_sorted,4,4079209076,2.2352,6483,0,6483
insertion,,500,nearly_sorted,5,2489771122,1.5496,4517,0,4517
insertion,,500,nearly_sorted,6,1935153793,1.6704,4976,0,4976
insertion,,500,nearly_sorted,7,3407305306,1.6899,4747,0,4747
insertion,,500,nearly_sorted,8,353789296,1.4503,4137,0,4137
insertion,,500,nearly_sorted,9,2631883398,2.5503,7249,0,7249
insertion,,500,nearly_sorted,10,2706462215,1.9301,5482,0,5482
insertion,,1000,nearly_sorted,1,3629580546,7.2732,19787,0,19787
insertion,,1000,nearly_sorted,2,1043830061,6.2834,18910,0,18910
insertion,,1000,nearly_sorted,3,3141722290,6.8431,20020,0,20020
insertion,,1000,nearly_sorted,4,946870804,6.1033,18042,0,18042
insertion,,1000,nearly_sorted,5,3412707896,8.5705,25097,0,25097
insertion,,1000,nearly_sorted,6,1428231901,7.0355,20770,0,20772
insertion,,1000,nearly_sorted,7,3504320067,6.5185,19131,0,19131
insertion,,1000,nearly_sorted,8,2996472582,5.7996,17100,0,17100
insertion,,1000,nearly_sorted,9,2923108076,6.0548,18123,0,18123
insertion,,1000,nearly_sorted,10,114661864,6.5058,18395,0,18395
insertion,,100,random,1,2727303856,0.9204,2912,0,2918
insertion,,100,random,2,2473699103,0.7466,2500,0,2505
insertion,,100,random,3,1680231637,0.8033,2580,0,2587
insertion,,100,random,4,4211286945,0.8677,2862,0,2867
insertion,,100,random,5,92928119,0.8205,2730,0,2736
insertion,,100,random,6,532125690,0.7238,2360,0,2363
insertion,,100,random,7,3439180443,0.8048,2643,0,2648
insertion,,100,random,8,1116347426,0.8016,2580,0,2588
insertion,,100,random,9,948454521,0.7475,2447,0,2451
insertion,,100,random,10,2778524824,0.7497,2465,0,2472
insertion,,500,random,1,1504501144,21.9715,65537,0,65539
insertion,,500,random,2,774459493,21.7782,63854,0,63860
insertion,,500,random,3,2163102318,22.9925,66282,0,66286
insertion,,500,random,4,4244437633,21.5221,63237,0,63243
insertion,,500,random,5,856226606,20.0118,62508,0,62513
insertion,,500,random,6,3142190795,19.6927,59755,0,59759
insertion,,500,random,7,2888969234,21.3377,63833,0,63838
insertion,,500,random,8,2904264544,20.2554,60226,0,60231
insertion,,500,random,9,3631070993,25.6225,63856,0,63866
insertion,,500,random,10,1076693935,21.4081,62147,0,62154
insertion,,1000,random,1,750843993,83.5805,251007,0,251013
insertion,,1000,random,2,1533954791,90.5124,261212,0,261214
insertion,,1000,random,3,1077747587,89.609,249388,0,249393
insertion,,1000,random,4,53413578,90.9021,252373,0,252378
insertion,,1000,random,5,3185037723,82.0606,246565,0,246571
insertion,,1000,random,6,1206384019,83.4454,249023,0,249028
insertion,,1000,random,7,4093659351,86.8707,251401,0,251412
insertion,,1000,random,8,2667504740,93.11,249674,0,249677
insertion,,1000,random,9,3073561711,88.1073,248942,0,248947
insertion,,1000,random,10,2795305861,89.0951,257569,0,257578
insertion,,100,reversed,1,1436244341,1.6337,4950,0,5043
insertion,,100,reversed,2,1028283729,1.715,4950,0,5044
insertion,,100,reversed,3,2737609583,1.5852,4950,0,5042
insertion,,100,reversed,4,1779861933,1.5767,4950,0,5042
insertion,,100,reversed,5,200917231,1.5884,4950,0,5047
insertion,,100,reversed,6,1912773091,1.837,4950,0,5045
insertion,,100,reversed,7,677258676,1.5846,4950,0,5043
insertion,,100,reversed,8,3244782399,1.5366,4950,0,5041
insertion,,100,reversed,9,3796214880,1.5131,4950,0,5045
insertion,,100,reversed,10,2124216399,1.4796,4950,0,5045
insertion,,500,reversed,1,2005286885,38.8057,124749,0,125228
insertion,,500,reversed,2,3489295581,39.5418,124749,0,125225
insertion,,500,reversed,3,3116232237,41.1299,124750,0,125224
insertion,,500,reversed,4,4238366006,41.1001,124749,0,125226
insertion,,500,reversed,5,2914199755,41.1428,124750,0,125220
insertion,,500,reversed,6,1357970475,39.6762,124750,0,125232
insertion,,500,reversed,7,917081460,39.8122,124749,0,125227
insertion,,500,reversed,8,419980565,39.9132,124749,0,125224
insertion,,500,reversed,9,2788573788,41.168,124750,0,125235
insertion,,500,reversed,10,3752314605,39.9616,124749,0,125230
insertion,,1000,reversed,1,4202690751,171.8723,499498,0,500433
insertion,,1000,reversed,2,430272795,173.4332,499500,0,500446
insertion,,1000,reversed,3,349375932,167.7992,499500,0,500458
insertion,,1000,reversed,4,3403080980,163.2589,499498,0,500458
insertion,,1000,reversed,5,3699512615,171.9648,499499,0,500465
insertion,,1000,reversed,6,1490581366,173.3975,499498,0,500444
insertion,,1000,reversed,7,3744626685,173.239,499500,0,500465
insertion,,1000,reversed,8,79776130,166.3874,499498,0,500442
insertion,,1000,reversed,9,174647438,168.7812,499499,0,500441
insertion,,1000,reversed,10,2924858879,172.4157,499499,0,500453
insertion,,100,sorted,1,2398119636,0.0342,99,0,99
insertion,,100,sorted,2,4065197528,0.0315,99,0,99
insertion,,100,sorted,3,2814757767,0.0313,99,0,99
insertion,,100,sorted,4,3877110562,0.0308,99,0,99
insertion,,100,sorted,5,2749385531,0.0308,99,0,99
insertion,,100,sorted,6,2310386536,0.0317,99,0,99
insertion,,100,sorted,7,892683641,0.0308,99,0,99
insertion,,100,sorted,8,2521684855,0.0311,99,0,99
insertion,,100,sorted,9,38212703,0.0318,99,0,99
insertion,,100,sorted,10,648639589,0.0309,99,0,99
insertion,,500,sorted,1,1431978117,0.1724,499,0,499
insertion,,500,sorted,2,3391405645,0.17,499,0,499
insertion,,500,sorted,3,3085931548,0.1741,499,0,499
insertion,,500,sorted,4,2665190898,0.1703,499,0,499
insertion,,500,sorted,5,176965319,0.1687,499,0,499
insertion,,500,sorted,6,703775687,0.168,499,0,499
insertion,,500,sorted,7,1243525559,0.2826,499,0,499
insertion,,500,sorted,8,2355722127,0.2274,499,0,499
insertion,,500,sorted,9,1260173501,0.1778,499,0,499
insertion,,500,sorted,10,207259503,0.1682,499,0,499
insertion,,1000,sorted,1,304353766,0.3592,999,0,999
insertion,,1000,sorted,2,1410985724,0.3629,999,0,999
insertion,,1000,sorted,3,1781215744,0.3531,999,0,999
insertion,,1000,sorted,4,3902654485,0.3879,999,0,999
insertion,,1000,sorted,5,2035834473,0.3417,999,0,999
insertion,,1000,sorted,6,1475972382,0.335,999,0,999
insertion,,1000,sorted,7,2057660952,0.3346,999,0,999
insertion,,1000,sorted,8,3004738892,0.3316,999,0,999
insertion,,1000,sorted,9,1831955274,0.3399,999,0,999
insertion,,1000,sorted,10,1296664028,0.3411,999,0,999
selection,,100,few_unique,1,3626764237,0.8457,4950,89,178
selection,,100,few_unique,2,1806341205,0.8045,4950,87,174
selection,,100,few_unique,3,2195908194,0.8026,4950,83,166
selection,,100,few_unique,4,2046968324,0.8183,4950,89,178
selection,,100,few_unique,5,3900315155,0.8056,4950,90,180
selection,,100,few_unique,6,2167613558,0.8062,4950,84,168
selection,,100,few_unique,7,1210484339,1.1777,4950,90,180
selection,,100,few_unique,8,3246154361,0.8541,4950,93,186
selection,,100,few_unique,9,3874773259,0.7918,4950,89,178
selection,,100,few_unique,10,1332073689,0.7758,4950,85,170
selection,,500,few_unique,1,3134603515,20.1884,124750,488,976
selection,,500,few_unique,2,2937688618,20.4228,124750,488,976
selection,,500,few_unique,3,432508404,20.4276,124750,488,976
selection,,500,few_unique,4,1864753826,20.7015,124750,479,958
selection,,500,few_unique,5,3921352636,20.8985,124750,488,976
selection,,500,few_unique,6,2048741382,21.1092,124750,487,974
selection,,500,few_unique,7,1118805955,21.475,124750,485,970
selection,,500,few_unique,8,60308648,21.0522,124750,489,978
selection,,500,few_unique,9,3726325546,21.3192,124750,485,970
selection,,500,few_unique,10,3738645480,21.3578,124750,480,960
selection,,1000,few_unique,1,2437440079,91.8927,499500,991,1982
selection,,1000,few_unique,2,4155553746,85.7791,499500,987,1974
selection,,1000,few_unique,3,1924014660,87.9563,499500,979,1958
selection,,1000,few_unique,4,4006490763,87.6668,499500,986,1972
selection,,1000,few_unique,5,468399889,85.2806,499500,982,1964
selection,,1000,few_unique,6,2367674807,85.1173,499500,988,1976
selection,,1000,few_unique,7,3034658173,92.8449,499500,981,1962
selection,,1000,few_unique,8,2351240810,87.102,499500,985,1970
selection,,1000,few_unique,9,2320500417,89.9847,499500,989,1978
selection,,1000,few_unique,10,2523796087,87.474,499500,980,1960
selection,,100,nearly_sorted,1,1911213317,0.7972,4950,3,6
selection,,100,nearly_sorted,2,1653137829,0.8133,4950,3,6
selection,,100,nearly_sorted,3,2472402290,0.8925,4950,3,6
selection,,100,nearly_sorted,4,1246955724,0.866,4950,3,6
selection,,100,nearly_sorted,5,801997237,0.8412,4950,3,6
selection,,100,nearly_sorted,6,2820330615,0.8378,4950,3,6
selection,,100,nearly_sorted,7,2046685052,0.8267,4950,3,6
selection,,100,nearly_sorted,8,3253884088,0.8393,4950,3,6
selection,,100,nearly_sorted,9,3765700075,0.8442,4950,4,8
selection,,100,nearly_sorted,10,3965891272,0.8261,4950,3,6
selection,,500,nearly_sorted,1,3618339112,22.135,124750,16,32
selection,,500,nearly_sorted,2,3485918757,22.0994,124750,16,32
selection,,500,nearly_sorted,3,3648514451,21.614,124750,16,32
selection,,500,nearly_sorted,4,4079209076,21.6382,124750,19,38
selection,,500,nearly_sorted,5,2489771122,21.674,124750,15,30
selection,,500,nearly_sorted,6,1935153793,21.1437,124750,18,36
selection,,500,nearly_sorted,7,3407305306,20.8055,124750,16,32
selection,,500,nearly_sorted,8,353789296,22.2106,124750,15,30
selection,,500,nearly_sorted,9,2631883398,22.3195,124750,15,30
selection,,500,nearly_sorted,10,2706462215,20.1319,124750,18,36
selection,,1000,nearly_sorted,1,3629580546,82.6213,499500,31,62
selection,,1000,nearly_sorted,2,1043830061,96.2872,499500,33,66
selection,,1000,nearly_sorted,3,3141722290,89.9739,499500,34,68
selection,,1000,nearly_sorted,4,946870804,86.7278,499500,32,64
selection,,1000,nearly_sorted,5,3412707896,83.4899,499500,31,62
selection,,1000,nearly_sorted,6,1428231901,84.5249,499500,31,62
selection,,1000,nearly_sorted,7,3504320067,93.7671,499500,32,64
selection,,1000,nearly_sorted,8,2996472582,90.5357,499500,32,64
selection,,1000,nearly_sorted,9,2923108076,88.192,499500,33,66
selection,,1000,nearly_sorted,10,114661864,86.238,499500,30,60
selection,,100,random,1,2727303856,0.8668,4950,92,184
selection,,100,random,2,2473699103,0.8603,4950,98,196
selection,,100,random,3,1680231637,0.8486,4950,90,180
selection,,100,random,4,4211286945,0.8675,4950,95,190
selection,,100,random,5,92928119,0.8533,4950,97,194
selection,,100,random,6,532125690,0.852,4950,95,190
selection,,100,random,7,3439180443,0.8363,4950,97,194
selection,,100,random,8,1116347426,0.8562,4950,95,190
selection,,100,random,9,948454521,0.8557,4950,93,186
selection,,100,random,10,2778524824,0.8565,4950,96,192
selection,,500,random,1,1504501144,21.4877,124750,496,992
selection,,500,random,2,774459493,21.4783,124750,494,988
selection,,500,random,3,2163102318,21.8252,124750,490,980
selection,,500,random,4,4244437633,22.0027,124750,493,986
selection,,500,random,5,856226606,21.6827,124750,489,978
selection,,500,random,6,3142190795,22.3474,124750,491,982
selection,,500,random,7,2888969234,21.4349,124750,494,988
selection,,500,random,8,2904264544,23.1742,124750,492,984
selection,,500,random,9,3631070993,24.6336,124750,486,972
selection,,500,random,10,1076693935,21.9639,124750,495,990
selection,,1000,random,1,750843993,87.489,499500,991,1982
selection,,1000,random,2,1533954791,90.6681,499500,991,1982
selection,,1000,random,3,1077747587,89.8154,499500,990,1980
selection,,1000,random,4,53413578,83.6674,499500,992,1984
selection,,1000,random,5,3185037723,88.9232,499500,992,1984
selection,,1000,random,6,1206384019,87.512,499500,993,1986
selection,,1000,random,7,4093659351,87.7276,499500,990,1980
selection,,1000,random,8,2667504740,86.3423,499500,992,1984
selection,,1000,random,9,3073561711,83.7037,499500,994,1988
selection,,1000,random,10,2795305861,84.3752,499500,996,1992
selection,,100,reversed,1,1436244341,0.811,4950,56,112
selection,,100,reversed,2,1028283729,0.8104,4950,53,106
selection,,100,reversed,3,2737609583,0.8226,4950,55,110
selection,,100,reversed,4,1779861933,0.8268,4950,53,106
selection,,100,reversed,5,200917231,0.8345,4950,51,102
selection,,100,reversed,6,1912773091,0.8176,4950,51,102
selection,,100,reversed,7,677258676,0.8369,4950,49,98
selection,,100,reversed,8,3244782399,0.8303,4950,51,102
selection,,100,reversed,9,3796214880,0.8133,4950,51,102
selection,,100,reversed,10,2124216399,0.8058,4950,52,104
selection,,500,reversed,1,2005286885,21.1419,124750,258,516
selection,,500,reversed,2,3489295581,21.0413,124750,259,518
selection,,500,reversed,3,3116232237,22.1022,124750,262,524
selection,,500,reversed,4,4238366006,21.9132,124750,257,514
selection,,500,reversed,5,2914199755,22.0197,124750,265,530
selection,,500,reversed,6,1357970475,22.8116,124750,260,520
selection,,500,reversed,7,917081460,22.8916,124750,257,514
selection,,500,reversed,8,419980565,21.8238,124750,261,522
selection,,500,reversed,9,2788573788,20.7885,124750,257,514
selection,,500,reversed,10,3752314605,20.6059,124750,263,526
selection,,1000,reversed,1,4202690751,86.1726,499500,523,1046
selection,,1000,reversed,2,430272795,89.9465,499500,526,1052
selection,,1000,reversed,3,349375932,91.1397,499500,522,1044
selection,,1000,reversed,4,3403080980,90.2833,499500,520,1040
selection,,1000,reversed,5,3699512615,88.7803,499500,518,1036
selection,,1000,reversed,6,1490581366,86.6556,499500,520,1040
selection,,1000,reversed,7,3744626685,86.3538,499500,520,1040
selection,,1000,reversed,8,79776130,88.229,499500,520,1040
selection,,1000,reversed,9,174647438,83.9563,499500,528,1056
selection,,1000,reversed,10,2924858879,87.1606,499500,523,1046
selection,,100,sorted,1,2398119636,0.7713,4950,0,0
selection,,100,sorted,2,4065197528,0.785,4950,0,0
selection,,100,sorted,3,2814757767,0.7866,4950,0,0
selection,,100,sorted,4,3877110562,0.768,4950,0,0
selection,,100,sorted,5,2749385531,0.8131,4950,0,0
selection,,100,sorted,6,2310386536,0.7848,4950,0,0
selection,,100,sorted,7,892683641,0.7868,4950,0,0
selection,,100,sorted,8,2521684855,0.8233,4950,0,0
selection,,100,sorted,9,38212703,0.7958,4950,0,0
selection,,100,sorted,10,648639589,0.803,4950,0,0
selection,,500,sorted,1,1431978117,21.3016,124750,0,0
selection,,500,sorted,2,3391405645,21.4502,124750,0,0
selection,,500,sorted,3,3085931548,20.9151,124750,0,0
selection,,500,sorted,4,2665190898,21.0642,124750,0,0
selection,,500,sorted,5,176965319,21.0926,124750,0,0
selection,,500,sorted,6,703775687,20.6404,124750,0,0
selection,,500,sorted,7,1243525559,20.5305,124750,0,0
selection,,500,sorted,8,2355722127,20.8682,124750,0,0
selection,,500,sorted,9,1260173501,21.1939,124750,0,0
selection,,500,sorted,10,207259503,20.891,124750,0,0
selection,,1000,sorted,1,304353766,87.1459,499500,0,0
selection,,1000,sorted,2,1410985724,84.927,499500,0,0
selection,,1000,sorted,3,1781215744,87.9642,499500,0,0
selection,,1000,sorted,4,3902654485,83.7748,499500,0,0
selection,,1000,sorted,5,2035834473,87.6062,499500,0,0
selection,,1000,sorted,6,1475972382,81.7921,499500,0,0
selection,,1000,sorted,7,2057660952,84.757,499500,0,0
selection,,1000,sorted,8,3004738892,85.687,499500,0,0
selection,,1000,sorted,9,1831955274,85.9678,499500,0,0
selection,,1000,sorted,10,1296664028,86.6793,499500,0,0
shell,hibbard,100,few_unique,1,3626764237,0.229,647,0,682
shell,hibbard,100,few_unique,2,1806341205,0.2089,634,0,670
shell,hibbard,100,few_unique,3,2195908194,0.2207,636,0,674
shell,hibbard,100,few_unique,4,2046968324,0.2109,637,0,669
shell,hibbard,100,few_unique,5,3900315155,0.217,653,0,688
shell,hibbard,100,few_unique,6,2167613558,0.2184,633,0,674
shell,hibbard,100,few_unique,7,1210484339,0.2079,621,0,661
shell,hibbard,100,few_unique,8,3246154361,0.2118,648,0,685
shell,hibbard,100,few_unique,9,3874773259,0.2074,630,0,662
shell,hibbard,100,few_unique,10,1332073689,0.2031,612,0,644
shell,hibbard,500,few_unique,1,3134603515,1.9271,5331,0,5589
shell,hibbard,500,few_unique,2,2937688618,1.8784,5348,0,5608
shell,hibbard,500,few_unique,3,432508404,1.8344,5259,0,5515
shell,hibbard,500,few_unique,4,1864753826,1.8568,5313,0,5568
shell,hibbard,500,few_unique,5,3921352636,1.9162,5317,0,5569
shell,hibbard,500,few_unique,6,2048741382,1.8308,5264,0,5525
shell,hibbard,500,few_unique,7,1118805955,1.9141,5240,0,5501
shell,hibbard,500,few_unique,8,60308648,1.881,5236,0,5496
shell,hibbard,500,few_unique,9,3726325546,1.8872,5340,0,5606
shell,hibbard,500,few_unique,10,3738645480,1.9218,5479,0,5747
shell,hibbard,1000,few_unique,1,2437440079,4.6897,12808,0,13360
shell,hibbard,1000,few_unique,2,4155553746,4.4965,12401,0,12932
shell,hibbard,1000,few_unique,3,1924014660,4.555,12605,0,13164
shell,hibbard,1000,few_unique,4,4006490763,4.9388,12956,0,13520
shell,hibbard,1000,few_unique,5,468399889,4.4418,12788,0,13322
shell,hibbard,1000,few_unique,6,2367674807,4.1749,12448,0,12972
shell,hibbard,1000,few_unique,7,3034658173,4.3452,12769,0,13301
shell,hibbard,1000,few_unique,8,2351240810,4.5585,12882,0,13440
shell,hibbard,1000,few_unique,9,2320500417,4.5728,12751,0,13311
shell,hibbard,1000,few_unique,10,2523796087,4.5925,12726,0,13257
shell,hibbard,100,nearly_sorted,1,1911213317,0.1834,572,0,582
shell,hibbard,100,nearly_sorted,2,1653137829,0.1731,548,0,550
shell,hibbard,100,nearly_sorted,3,2472402290,0.2247,646,0,653
shell,hibbard,100,nearly_sorted,4,1246955724,0.189,598,0,603
shell,hibbard,100,nearly_sorted,5,801997237,0.1913,609,0,616
shell,hibbard,100,nearly_sorted,6,2820330615,0.2907,585,0,586
shell,hibbard,100,nearly_sorted,7,2046685052,0.225,529,0,529
shell,hibbard,100,nearly_sorted,8,3253884088,0.2216,563,0,568
shell,hibbard,100,nearly_sorted,9,3765700075,0.2339,597,0,599
shell,hibbard,100,nearly_sorted,10,3965891272,0.2049,513,0,513
shell,hibbard,500,nearly_sorted,1,3618339112,1.7701,4849,0,4881
shell,hibbard,500,nearly_sorted,2,3485918757,1.6007,4936,0,4963
shell,hibbard,500,nearly_sorted,3,3648514451,1.5857,4908,0,4936
shell,hibbard,500,nearly_sorted,4,4079209076,1.5112,4867,0,4913
shell,hibbard,500,nearly_sorted,5,2489771122,1.4765,4702,0,4725
shell,hibbard,500,nearly_sorted,6,1935153793,1.5213,4760,0,4791
shell,hibbard,500,nearly_sorted,7,3407305306,1.4974,4782,0,4798
shell,hibbard,500,nearly_sorted,8,353789296,1.5623,4544,0,4554
shell,hibbard,500,nearly_sorted,9,2631883398,1.7371,5057,0,5092
shell,hibbard,500,nearly_sorted,10,2706462215,1.5137,4842,0,4861
shell,hibbard,1000,nearly_sorted,1,3629580546,3.8477,11759,0,11797
shell,hibbard,1000,nearly_sorted,2,1043830061,3.7235,11412,0,11451
shell,hibbard,1000,nearly_sorted,3,3141722290,3.7963,11370,0,11395
shell,hibbard,1000,nearly_sorted,4,946870804,3.9656,11507,0,11552
shell,hibbard,1000,nearly_sorted,5,3412707896,4.2945,11898,0,11952
shell,hibbard,1000,nearly_sorted,6,1428231901,3.9954,11581,0,11647
shell,hibbard,1000,nearly_sorted,7,3504320067,4.088,11535,0,11577
shell,hibbard,1000,nearly_sorted,8,2996472582,4.0127,11412,0,11458
shell,hibbard,1000,nearly_sorted,9,2923108076,4.0075,11523,0,11556
shell,hibbard,1000,nearly_sorted,10,114661864,4.0995,11325,0,11363
shell,hibbard,100,random,1,2727303856,0.2559,730,0,780
shell,hibbard,100,random,2,2473699103,0.268,802,0,852
shell,hibbard,100,random,3,1680231637,0.2551,763,0,815
shell,hibbard,100,random,4,4211286945,0.249,751,0,800
shell,hibbard,100,random,5,92928119,0.2703,813,0,868
shell,hibbard,100,random,6,532125690,0.2512,768,0,816
shell,hibbard,100,random,7,3439180443,0.2742,794,0,846
shell,hibbard,100,random,8,1116347426,0.2682,800,0,850
shell,hibbard,100,random,9,948454521,0.2634,787,0,836
shell,hibbard,100,random,10,2778524824,0.2628,761,0,810
shell,hibbard,500,random,1,1504501144,2.0518,6082,0,6370
shell,hibbard,500,random,2,774459493,2.1146,6253,0,6553
shell,hibbard,500,random,3,2163102318,2.0531,6296,0,6584
shell,hibbard,500,random,4,4244437633,2.1219,6397,0,6690
shell,hibbard,500,random,5,856226606,2.1818,6023,0,6283
shell,hibbard,500,random,6,3142190795,2.1541,6491,0,6755
shell,hibbard,500,random,7,2888969234,2.11,6351,0,6645
shell,hibbard,500,random,8,2904264544,2.0678,6300,0,6565
shell,hibbard,500,random,9,3631070993,2.089,6149,0,6428
shell,hibbard,500,random,10,1076693935,2.2642,6279,0,6569
shell,hibbard,1000,random,1,750843993,5.3306,14863,0,15421
shell,hibbard,1000,random,2,1533954791,5.1438,14654,0,15246
shell,hibbard,1000,random,3,1077747587,5.1809,14569,0,15139
shell,hibbard,1000,random,4,53413578,5.5001,14216,0,14778
shell,hibbard,1000,random,5,3185037723,5.1176,15199,0,15754
shell,hibbard,1000,random,6,1206384019,5.1052,14322,0,14884
shell,hibbard,1000,random,7,4093659351,5.4135,14510,0,15058
shell,hibbard,1000,random,8,2667504740,5.365,14433,0,15001
shell,hibbard,1000,random,9,3073561711,5.3792,14361,0,14884
shell,hibbard,1000,random,10,2795305861,5.5991,15084,0,15659
shell,hibbard,100,reversed,1,1436244341,0.2111,611,0,669
shell,hibbard,100,reversed,2,1028283729,0.2102,612,0,669
shell,hibbard,100,reversed,3,2737609583,0.2077,608,0,665
shell,hibbard,100,reversed,4,1779861933,0.2085,611,0,669
shell,hibbard,100,reversed,5,200917231,0.2096,614,0,672
shell,hibbard,100,reversed,6,1912773091,0.2086,611,0,669
shell,hibbard,100,reversed,7,677258676,0.2179,612,0,670
shell,hibbard,100,reversed,8,3244782399,0.2102,610,0,668
shell,hibbard,100,reversed,9,3796214880,0.208,610,0,668
shell,hibbard,100,reversed,10,2124216399,0.2103,613,0,671
shell,hibbard,500,reversed,1,2005286885,1.6991,4593,0,5047
shell,hibbard,500,reversed,2,3489295581,1.6501,4587,0,5042
shell,hibbard,500,reversed,3,3116232237,1.6736,4590,0,5045
shell,hibbard,500,reversed,4,4238366006,2.075,4595,0,5050
shell,hibbard,500,reversed,5,2914199755,1.6416,4584,0,5039
shell,hibbard,500,reversed,6,1357970475,1.569,4590,0,5045
shell,hibbard,500,reversed,7,917081460,1.5456,4593,0,5048
shell,hibbard,500,reversed,8,419980565,1.5705,4590,0,5045
shell,hibbard,500,reversed,9,2788573788,1.5944,4595,0,5050
shell,hibbard,500,reversed,10,3752314605,1.6777,4591,0,5046
shell,hibbard,1000,reversed,1,4202690751,4.2537,10478,0,11378
shell,hibbard,1000,reversed,2,430272795,3.9027,10488,0,11388
shell,hibbard,1000,reversed,3,349375932,3.9572,10486,0,11386
shell,hibbard,1000,reversed,4,3403080980,3.9959,10490,0,11390
shell,hibbard,1000,reversed,5,3699512615,4.0246,10496,0,11396
shell,hibbard,1000,reversed,6,1490581366,3.9821,10483,0,11383
shell,hibbard,1000,reversed,7,3744626685,3.9705,10495,0,11395
shell,hibbard,1000,reversed,8,79776130,4.0169,10483,0,11383
shell,hibbard,1000,reversed,9,174647438,3.9982,10484,0,11384
shell,hibbard,1000,reversed,10,2924858879,3.9758,10488,0,11388
shell,hibbard,100,sorted,1,2398119636,0.1595,480,0,480
shell,hibbard,100,sorted,2,4065197528,0.1579,480,0,480
shell,hibbard,100,sorted,3,2814757767,0.1574,480,0,480
shell,hibbard,100,sorted,4,3877110562,0.1563,480,0,480
shell,hibbard,100,sorted,5,2749385531,0.1553,480,0,480
shell,hibbard,100,sorted,6,2310386536,0.156,480,0,480
shell,hibbard,100,sorted,7,892683641,0.1549,480,0,480
shell,hibbard,100,sorted,8,2521684855,0.1563,480,0,480
shell,hibbard,100,sorted,9,38212703,0.1677,480,0,480
shell,hibbard,100,sorted,10,648639589,0.1895,480,0,480
shell,hibbard,500,sorted,1,1431978117,1.1921,3498,0,3498
shell,hibbard,500,sorted,2,3391405645,1.2599,3498,0,3498
shell,hibbard,500,sorted,3,3085931548,1.1981,3498,0,3498
shell,hibbard,500,sorted,4,2665190898,1.1958,3498,0,3498
shell,hibbard,500,sorted,5,176965319,1.2091,3498,0,3498
shell,hibbard,500,sorted,6,703775687,1.2106,3498,0,3498
shell,hibbard,500,sorted,7,1243525559,1.2096,3498,0,3498
shell,hibbard,500,sorted,8,2355722127,1.2071,3498,0,3498
shell,hibbard,500,sorted,9,1260173501,1.2051,3498,0,3498
shell,hibbard,500,sorted,10,207259503,1.2107,3498,0,3498
shell,hibbard,1000,sorted,1,304353766,2.9474,7987,0,7987
shell,hibbard,1000,sorted,2,1410985724,2.8432,7987,0,7987
shell,hibbard,1000,sorted,3,1781215744,2.9475,7987,0,7987
shell,hibbard,1000,sorted,4,3902654485,2.8066,7987,0,7987
shell,hibbard,1000,sorted,5,2035834473,2.8804,7987,0,7987
shell,hibbard,1000,sorted,6,1475972382,3.0822,7987,0,7987
shell,hibbard,1000,sorted,7,2057660952,2.7294,7987,0,7987
shell,hibbard,1000,sorted,8,3004738892,2.6234,7987,0,7987
shell,hibbard,1000,sorted,9,1831955274,2.5088,7987,0,7987
shell,hibbard,1000,sorted,10,1296664028,2.6255,7987,0,7987
shell,knuth,100,few_unique,1,3626764237,0.1929,557,0,588
shell,knuth,100,few_unique,2,1806341205,0.1982,611,0,643
shell,knuth,100,few_unique,3,2195908194,0.176,541,0,576
shell,knuth,100,few_unique,4,2046968324,0.1996,566,0,592
shell,knuth,100,few_unique,5,3900315155,0.1916,578,0,608
shell,knuth,100,few_unique,6,2167613558,0.1919,606,0,643
shell,knuth,100,few_unique,7,1210484339,0.1836,577,0,611
shell,knuth,100,few_unique,8,3246154361,0.1747,547,0,580
shell,knuth,100,few_unique,9,3874773259,0.2172,631,0,664
shell,knuth,100,few_unique,10,1332073689,0.1886,580,0,615
shell,knuth,500,few_unique,1,3134603515,1.6318,4899,0,5099
shell,knuth,500,few_unique,2,2937688618,1.6369,4971,0,5160
shell,knuth,500,few_unique,3,432508404,1.6877,5076,0,5290
shell,knuth,500,few_unique,4,1864753826,1.6665,4976,0,5144
shell,knuth,500,few_unique,5,3921352636,1.6727,5059,0,5250
shell,knuth,500,few_unique,6,2048741382,1.6196,4884,0,5087
shell,knuth,500,few_unique,7,1118805955,1.5588,4700,0,4892
shell,knuth,500,few_unique,8,60308648,1.7083,4970,0,5158
shell,knuth,500,few_unique,9,3726325546,1.6885,5105,0,5295
shell,knuth,500,few_unique,10,3738645480,1.7634,5311,0,5501
shell,knuth,1000,few_unique,1,2437440079,4.3454,12805,0,13246
shell,knuth,1000,few_unique,2,4155553746,4.2321,12250,0,12696
shell,knuth,1000,few_unique,3,1924014660,4.4585,11687,0,12127
shell,knuth,1000,few_unique,4,4006490763,4.0309,11710,0,12139
shell,knuth,1000,few_unique,5,468399889,3.9969,11743,0,12141
shell,knuth,1000,few_unique,6,2367674807,4.3829,11949,0,12357
shell,knuth,1000,few_unique,7,3034658173,4.5405,12303,0,12721
shell,knuth,1000,few_unique,8,2351240810,4.3474,11497,0,11913
shell,knuth,1000,few_unique,9,2320500417,4.3314,11349,0,11763
shell,knuth,1000,few_unique,10,2523796087,4.6525,11809,0,12248
shell,knuth,100,nearly_sorted,1,1911213317,0.1362,411,0,421
shell,knuth,100,nearly_sorted,2,1653137829,0.1338,423,0,423
shell,knuth,100,nearly_sorted,3,2472402290,0.1755,524,0,530
shell,knuth,100,nearly_sorted,4,1246955724,0.1241,399,0,401
shell,knuth,100,nearly_sorted,5,801997237,0.1628,521,0,523
shell,knuth,100,nearly_sorted,6,2820330615,0.1628,487,0,488
shell,knuth,100,nearly_sorted,7,2046685052,0.109,359,0,359
shell,knuth,100,nearly_sorted,8,3253884088,0.1652,529,0,535
shell,knuth,100,nearly_sorted,9,3765700075,0.1407,459,0,463
shell,knuth,100,nearly_sorted,10,3965891272,0.1307,432,0,432
shell,knuth,500,nearly_sorted,1,3618339112,1.3844,4136,0,4153
shell,knuth,500,nearly_sorted,2,3485918757,1.3186,3851,0,3869
shell,knuth,500,nearly_sorted,3,3648514451,1.3712,4258,0,4274
shell,knuth,500,nearly_sorted,4,4079209076,1.3376,4206,0,4230
shell,knuth,500,nearly_sorted,5,2489771122,1.1646,3690,0,3710
shell,knuth,500,nearly_sorted,6,1935153793,1.3176,3976,0,3992
shell,knuth,500,nearly_sorted,7,3407305306,1.2899,4021,0,4030
shell,knuth,500,nearly_sorted,8,353789296,1.2658,3674,0,3678
shell,knuth,500,nearly_sorted,9,2631883398,1.457,4451,0,4471
shell,knuth,500,nearly_sorted,10,2706462215,1.2652,3851,0,3860
shell,knuth,1000,nearly_sorted,1,3629580546,3.2558,9540,0,9562
shell,knuth,1000,nearly_sorted,2,1043830061,3.2892,9347,0,9363
shell,knuth,1000,nearly_sorted,3,3141722290,3.3279,9267,0,9289
shell,knuth,1000,nearly_sorted,4,946870804,3.3121,9410,0,9440
shell,knuth,1000,nearly_sorted,5,3412707896,3.7083,10382,0,10413
shell,knuth,1000,nearly_sorted,6,1428231901,3.3135,9525,0,9572
shell,knuth,1000,nearly_sorted,7,3504320067,3.391,9415,0,9445
shell,knuth,1000,nearly_sorted,8,2996472582,3.2441,9176,0,9205
shell,knuth,1000,nearly_sorted,9,2923108076,3.4054,9611,0,9639
shell,knuth,1000,nearly_sorted,10,114661864,3.3705,9510,0,9530
shell,knuth,100,random,1,2727303856,0.2576,761,0,813
shell,knuth,100,random,2,2473699103,0.2553,761,0,800
shell,knuth,100,random,3,1680231637,0.2387,698,0,738
shell,knuth,100,random,4,4211286945,0.2611,753,0,808
shell,knuth,100,random,5,92928119,0.2538,766,0,813
shell,knuth,100,random,6,532125690,0.2417,723,0,765
shell,knuth,100,random,7,3439180443,0.2705,764,0,806
shell,knuth,100,random,8,1116347426,0.2469,738,0,780
shell,knuth,100,random,9,948454521,0.2595,779,0,819
shell,knuth,100,random,10,2778524824,0.26,749,0,793
shell,knuth,500,random,1,1504501144,2.0452,5796,0,5995
shell,knuth,500,random,2,774459493,2.0116,5740,0,5936
shell,knuth,500,random,3,2163102318,2.1785,6210,0,6407
shell,knuth,500,random,4,4244437633,2.0459,5758,0,5953
shell,knuth,500,random,5,856226606,2.0154,5578,0,5789
shell,knuth,500,random,6,3142190795,2.1565,5955,0,6146
shell,knuth,500,random,7,2888969234,2.1124,5960,0,6170
shell,knuth,500,random,8,2904264544,2.096,6012,0,6208
shell,knuth,500,random,9,3631070993,2.1875,6229,0,6442
shell,knuth,500,random,10,1076693935,2.0976,5935,0,6141
shell,knuth,1000,random,1,750843993,5.1246,14140,0,14586
shell,knuth,1000,random,2,1533954791,5.2998,14280,0,14726
shell,knuth,1000,random,3,1077747587,4.9345,13571,0,14017
shell,knuth,1000,random,4,53413578,4.9738,13313,0,13752
shell,knuth,1000,random,5,3185037723,4.9846,13747,0,14179
shell,knuth,1000,random,6,1206384019,5.2921,14108,0,14550
shell,knuth,1000,random,7,4093659351,5.1075,13550,0,13969
shell,knuth,1000,random,8,2667504740,4.9123,13431,0,13864
shell,knuth,1000,random,9,3073561711,5.2921,13744,0,14190
shell,knuth,1000,random,10,2795305861,5.0623,13896,0,14360
shell,knuth,100,reversed,1,1436244341,0.1855,498,0,570
shell,knuth,100,reversed,2,1028283729,0.1729,497,0,568
shell,knuth,100,reversed,3,2737609583,0.1816,497,0,568
shell,knuth,100,reversed,4,1779861933,0.1732,497,0,569
shell,knuth,100,reversed,5,200917231,0.1728,498,0,570
shell,knuth,100,reversed,6,1912773091,0.1731,499,0,571
shell,knuth,100,reversed,7,677258676,0.1725,498,0,570
shell,knuth,100,reversed,8,3244782399,0.1726,497,0,569
shell,knuth,100,reversed,9,3796214880,0.1743,500,0,572
shell,knuth,100,reversed,10,2124216399,0.1722,497,0,569
shell,knuth,500,reversed,1,2005286885,1.4179,4039,0,4246
shell,knuth,500,reversed,2,3489295581,1.4235,4037,0,4245
shell,knuth,500,reversed,3,3116232237,1.438,4038,0,4246
shell,knuth,500,reversed,4,4238366006,1.4554,4040,0,4248
shell,knuth,500,reversed,5,2914199755,1.4476,4033,0,4241
shell,knuth,500,reversed,6,1357970475,1.4504,4043,0,4251
shell,knuth,500,reversed,7,917081460,1.4093,4042,0,4250
shell,knuth,500,reversed,8,419980565,1.4521,4041,0,4249
shell,knuth,500,reversed,9,2788573788,1.44,4045,0,4253
shell,knuth,500,reversed,10,3752314605,1.4353,4043,0,4251
shell,knuth,1000,reversed,1,4202690751,3.2021,8507,0,9334
shell,knuth,1000,reversed,2,430272795,3.1707,8516,0,9343
shell,knuth,1000,reversed,3,349375932,3.3106,8530,0,9356
shell,knuth,1000,reversed,4,3403080980,3.1509,8522,0,9348
shell,knuth,1000,reversed,5,3699512615,3.3624,8537,0,9364
shell,knuth,1000,reversed,6,1490581366,3.1823,8518,0,9344
shell,knuth,1000,reversed,7,3744626685,3.1656,8525,0,9352
shell,knuth,1000,reversed,8,79776130,3.6619,8519,0,9346
shell,knuth,1000,reversed,9,174647438,3.2699,8521,0,9348
shell,knuth,1000,reversed,10,2924858879,3.1007,8527,0,9354
shell,knuth,100,sorted,1,2398119636,0.1052,342,0,342
shell,knuth,100,sorted,2,4065197528,0.1213,342,0,342
shell,knuth,100,sorted,3,2814757767,0.1018,342,0,342
shell,knuth,100,sorted,4,3877110562,0.1604,342,0,342
shell,knuth,100,sorted,5,2749385531,0.1082,342,0,342
shell,knuth,100,sorted,6,2310386536,0.1012,342,0,342
shell,knuth,100,sorted,7,892683641,0.1025,342,0,342
shell,knuth,100,sorted,8,2521684855,0.1014,342,0,342
shell,knuth,100,sorted,9,38212703,0.1022,342,0,342
shell,knuth,100,sorted,10,648639589,0.1205,342,0,342
shell,knuth,500,sorted,1,1431978117,0.8109,2457,0,2457
shell,knuth,500,sorted,2,3391405645,0.9415,2457,0,2457
shell,knuth,500,sorted,3,3085931548,0.8299,2457,0,2457
shell,knuth,500,sorted,4,2665190898,0.9451,2457,0,2457
shell,knuth,500,sorted,5,176965319,0.8671,2457,0,2457
shell,knuth,500,sorted,6,703775687,0.9482,2457,0,2457
shell,knuth,500,sorted,7,1243525559,0.9477,2457,0,2457
shell,knuth,500,sorted,8,2355722127,0.9029,2457,0,2457
shell,knuth,500,sorted,9,1260173501,0.9541,2457,0,2457
shell,knuth,500,sorted,10,207259503,0.9476,2457,0,2457
shell,knuth,1000,sorted,1,304353766,2.0336,5457,0,5457
shell,knuth,1000,sorted,2,1410985724,2.0451,5457,0,5457
shell,knuth,1000,sorted,3,1781215744,2.1489,5457,0,5457
shell,knuth,1000,sorted,4,3902654485,2.1551,5457,0,5457
shell,knuth,1000,sorted,5,2035834473,2.1404,5457,0,5457
shell,knuth,1000,sorted,6,1475972382,2.1175,5457,0,5457
shell,knuth,1000,sorted,7,2057660952,2.1226,5457,0,5457
shell,knuth,1000,sorted,8,3004738892,2.2677,5457,0,5457
shell,knuth,1000,sorted,9,1831955274,2.1318,5457,0,5457
shell,knuth,1000,sorted,10,1296664028,2.1085,5457,0,5457
shell,shell,100,few_unique,1,3626764237,0.2837,710,0,753
shell,shell,100,few_unique,2,1806341205,0.258,707,0,750
shell,shell,100,few_unique,3,2195908194,0.2488,648,0,692
shell,shell,100,few_unique,4,2046968324,0.2773,744,0,783
shell,shell,100,few_unique,5,3900315155,0.2685,684,0,721
shell,shell,100,few_unique,6,2167613558,0.2729,698,0,736
shell,shell,100,few_unique,7,1210484339,0.2787,721,0,766
shell,shell,100,few_unique,8,3246154361,0.2919,749,0,790
shell,shell,100,few_unique,9,3874773259,0.2689,694,0,742
shell,shell,100,few_unique,10,1332073689,0.3318,752,0,794
shell,shell,500,few_unique,1,3134603515,2.2225,5505,0,5769
shell,shell,500,few_unique,2,2937688618,2.5511,5604,0,5852
shell,shell,500,few_unique,3,432508404,2.1221,5414,0,5636
shell,shell,500,few_unique,4,1864753826,2.0107,5283,0,5523
shell,shell,500,few_unique,5,3921352636,1.9897,5334,0,5554
shell,shell,500,few_unique,6,2048741382,1.9668,5585,0,5839
shell,shell,500,few_unique,7,1118805955,1.7602,5216,0,5474
shell,shell,500,few_unique,8,60308648,1.7551,5344,0,5599
shell,shell,500,few_unique,9,3726325546,1.9426,5822,0,6077
shell,shell,500,few_unique,10,3738645480,1.9032,5688,0,5932
shell,shell,1000,few_unique,1,2437440079,4.7012,13154,0,13660
shell,shell,1000,few_unique,2,4155553746,4.5426,13266,0,13800
shell,shell,1000,few_unique,3,1924014660,4.7159,13548,0,14055
shell,shell,1000,few_unique,4,4006490763,4.3737,12528,0,13035
shell,shell,1000,few_unique,5,468399889,4.4832,12952,0,13426
shell,shell,1000,few_unique,6,2367674807,4.7611,13561,0,14037
shell,shell,1000,few_unique,7,3034658173,4.5187,12945,0,13437
shell,shell,1000,few_unique,8,2351240810,4.5509,13002,0,13502
shell,shell,1000,few_unique,9,2320500417,4.6563,13319,0,13818
shell,shell,1000,few_unique,10,2523796087,4.7761,13372,0,13885
shell,shell,100,nearly_sorted,1,1911213317,0.1889,599,0,608
shell,shell,100,nearly_sorted,2,1653137829,0.1958,593,0,594
shell,shell,100,nearly_sorted,3,2472402290,0.2192,700,0,709
shell,shell,100,nearly_sorted,4,1246955724,0.1812,591,0,594
shell,shell,100,nearly_sorted,5,801997237,0.2002,642,0,649
shell,shell,100,nearly_sorted,6,2820330615,0.1992,647,0,648
shell,shell,100,nearly_sorted,7,2046685052,0.1667,520,0,520
shell,shell,100,nearly_sorted,8,3253884088,0.2295,733,0,740
shell,shell,100,nearly_sorted,9,3765700075,0.1845,604,0,608
shell,shell,100,nearly_sorted,10,3965891272,0.1753,578,0,578
shell,shell,500,nearly_sorted,1,3618339112,1.5939,4885,0,4913
shell,shell,500,nearly_sorted,2,3485918757,1.5074,4619,0,4643
shell,shell,500,nearly_sorted,3,3648514451,1.6371,4989,0,5016
shell,shell,500,nearly_sorted,4,4079209076,1.6445,4896,0,4928
shell,shell,500,nearly_sorted,5,2489771122,1.5134,4585,0,4612
shell,shell,500,nearly_sorted,6,1935153793,1.662,4850,0,4873
shell,shell,500,nearly_sorted,7,3407305306,1.5519,4703,0,4717
shell,shell,500,nearly_sorted,8,353789296,1.5588,4699,0,4709
shell,shell,500,nearly_sorted,9,2631883398,1.6883,5000,0,5032
shell,shell,500,nearly_sorted,10,2706462215,1.6153,4876,0,4895
shell,shell,1000,nearly_sorted,1,3629580546,3.8486,11298,0,11336
shell,shell,1000,nearly_sorted,2,1043830061,3.9661,11244,0,11280
shell,shell,1000,nearly_sorted,3,3141722290,3.9351,11523,0,11549
shell,shell,1000,nearly_sorted,4,946870804,3.8787,11302,0,11339
shell,shell,1000,nearly_sorted,5,3412707896,4.2504,12195,0,12242
shell,shell,1000,nearly_sorted,6,1428231901,4.0689,11582,0,11644
shell,shell,1000,nearly_sorted,7,3504320067,3.7555,11618,0,11657
shell,shell,1000,nearly_sorted,8,2996472582,3.7983,11304,0,11341
shell,shell,1000,nearly_sorted,9,2923108076,4.1392,11419,0,11446
shell,shell,1000,nearly_sorted,10,114661864,4.1385,11579,0,11615
shell,shell,100,random,1,2727303856,0.3025,862,0,924
shell,shell,100,random,2,2473699103,0.2847,847,0,897
shell,shell,100,random,3,1680231637,0.3114,906,0,957
shell,shell,100,random,4,4211286945,0.2986,875,0,937
shell,shell,100,random,5,92928119,0.3061,903,0,955
shell,shell,100,random,6,532125690,0.2842,837,0,883
shell,shell,100,random,7,3439180443,0.2908,828,0,885
shell,shell,100,random,8,1116347426,0.2824,828,0,882
shell,shell,100,random,9,948454521,0.2795,813,0,854
shell,shell,100,random,10,2778524824,0.304,896,0,944
shell,shell,500,random,1,1504501144,2.312,6456,0,6735
shell,shell,500,random,2,774459493,2.4064,6386,0,6655
shell,shell,500,random,3,2163102318,2.2556,6136,0,6414
shell,shell,500,random,4,4244437633,2.3236,6457,0,6715
shell,shell,500,random,5,856226606,2.1767,6057,0,6298
shell,shell,500,random,6,3142190795,2.2159,6131,0,6381
shell,shell,500,random,7,2888969234,2.306,6333,0,6605
shell,shell,500,random,8,2904264544,2.2655,6205,0,6462
shell,shell,500,random,9,3631070993,2.4508,6052,0,6320
shell,shell,500,random,10,1076693935,2.2877,6162,0,6419
shell,shell,1000,random,1,750843993,5.3007,15173,0,15676
shell,shell,1000,random,2,1533954791,5.0512,15005,0,15524
shell,shell,1000,random,3,1077747587,5.7708,15663,0,16167
shell,shell,1000,random,4,53413578,5.143,15387,0,15912
shell,shell,1000,random,5,3185037723,5.0161,14651,0,15163
shell,shell,1000,random,6,1206384019,5.118,15140,0,15667
shell,shell,1000,random,7,4093659351,4.7706,14242,0,14763
shell,shell,1000,random,8,2667504740,5.1795,15200,0,15734
shell,shell,1000,random,9,3073561711,5.2356,15499,0,16013
shell,shell,1000,random,10,2795305861,5.1486,15115,0,15660
shell,shell,100,reversed,1,1436244341,0.2137,666,0,761
shell,shell,100,reversed,2,1028283729,0.2191,667,0,762
shell,shell,100,reversed,3,2737609583,0.2099,665,0,760
shell,shell,100,reversed,4,1779861933,0.3566,666,0,761
shell,shell,100,reversed,5,200917231,0.2195,668,0,763
shell,shell,100,reversed,6,1912773091,0.2161,665,0,760
shell,shell,100,reversed,7,677258676,0.2342,668,0,763
shell,shell,100,reversed,8,3244782399,0.2226,665,0,760
shell,shell,100,reversed,9,3796214880,0.2147,667,0,762
shell,shell,100,reversed,10,2124216399,0.2156,668,0,763
shell,shell,500,reversed,1,2005286885,1.7309,5109,0,5599
shell,shell,500,reversed,2,3489295581,1.6735,5102,0,5592
shell,shell,500,reversed,3,3116232237,1.7006,5108,0,5598
shell,shell,500,reversed,4,4238366006,1.6841,5099,0,5589
shell,shell,500,reversed,5,2914199755,1.7507,5101,0,5591
shell,shell,500,reversed,6,1357970475,1.6945,5108,0,5598
shell,shell,500,reversed,7,917081460,2.0175,5104,0,5594
shell,shell,500,reversed,8,419980565,1.8007,5098,0,5588
shell,shell,500,reversed,9,2788573788,1.71,5107,0,5597
shell,shell,500,reversed,10,3752314605,1.6936,5106,0,5596
shell,shell,1000,reversed,1,4202690751,4.0176,11676,0,12666
shell,shell,1000,reversed,2,430272795,4.0889,11698,0,12688
shell,shell,1000,reversed,3,349375932,4.028,11697,0,12687
shell,shell,1000,reversed,4,3403080980,4.0818,11695,0,12685
shell,shell,1000,reversed,5,3699512615,4.1694,11696,0,12686
shell,shell,1000,reversed,6,1490581366,4.1733,11683,0,12673
shell,shell,1000,reversed,7,3744626685,4.1627,11697,0,12687
shell,shell,1000,reversed,8,79776130,4.1852,11687,0,12677
shell,shell,1000,reversed,9,174647438,4.2431,11687,0,12677
shell,shell,1000,reversed,10,2924858879,4.1981,11685,0,12675
shell,shell,100,sorted,1,2398119636,0.1617,503,0,503
shell,shell,100,sorted,2,4065197528,0.1537,503,0,503
shell,shell,100,sorted,3,2814757767,0.1511,503,0,503
shell,shell,100,sorted,4,3877110562,0.1523,503,0,503
shell,shell,100,sorted,5,2749385531,0.1521,503,0,503
shell,shell,100,sorted,6,2310386536,0.1524,503,0,503
shell,shell,100,sorted,7,892683641,0.153,503,0,503
shell,shell,100,sorted,8,2521684855,0.1513,503,0,503
shell,shell,100,sorted,9,38212703,0.1526,503,0,503
shell,shell,100,sorted,10,648639589,0.1532,503,0,503
shell,shell,500,sorted,1,1431978117,1.1121,3506,0,3506
shell,shell,500,sorted,2,3391405645,1.1208,3506,0,3506
shell,shell,500,sorted,3,3085931548,1.1146,3506,0,3506
shell,shell,500,sorted,4,2665190898,1.3476,3506,0,3506
shell,shell,500,sorted,5,176965319,1.1467,3506,0,3506
shell,shell,500,sorted,6,703775687,1.1269,3506,0,3506
shell,shell,500,sorted,7,1243525559,1.1541,3506,0,3506
shell,shell,500,sorted,8,2355722127,1.0894,3506,0,3506
shell,shell,500,sorted,9,1260173501,1.0638,3506,0,3506
shell,shell,500,sorted,10,207259503,1.1016,3506,0,3506
shell,shell,1000,sorted,1,304353766,2.5201,8006,0,8006
shell,shell,1000,sorted,2,1410985724,2.6035,8006,0,8006
shell,shell,1000,sorted,3,1781215744,2.8712,8006,0,8006
shell,shell,1000,sorted,4,3902654485,2.546,8006,0,8006
shell,shell,1000,sorted,5,2035834473,2.5001,8006,0,8006
shell,shell,1000,sorted,6,1475972382,2.5209,8006,0,8006
shell,shell,1000,sorted,7,2057660952,2.5228,8006,0,8006
shell,shell,1000,sorted,8,3004738892,2.5573,8006,0,8006
shell,shell,1000,sorted,9,1831955274,2.4951,8006,0,8006
shell,shell,1000,sorted,10,1296664028,2.5415,8006,0,8006
shell,tokuda,100,few_unique,1,3626764237,0.223,633,0,676
shell,tokuda,100,few_unique,2,1806341205,0.1952,597,0,634
shell,tokuda,100,few_unique,3,2195908194,0.1847,569,0,604
shell,tokuda,100,few_unique,4,2046968324,0.1883,578,0,616
shell,tokuda,100,few_unique,5,3900315155,0.1978,585,0,621
shell,tokuda,100,few_unique,6,2167613558,0.1966,566,0,605
shell,tokuda,100,few_unique,7,1210484339,0.1864,575,0,613
shell,tokuda,100,few_unique,8,3246154361,0.1853,579,0,616
shell,tokuda,100,few_unique,9,3874773259,0.1867,580,0,615
shell,tokuda,100,few_unique,10,1332073689,0.1872,580,0,616
shell,tokuda,500,few_unique,1,3134603515,1.5959,4778,0,5021
shell,tokuda,500,few_unique,2,2937688618,1.5938,4737,0,4960
shell,tokuda,500,few_unique,3,432508404,1.709,4831,0,5079
shell,tokuda,500,few_unique,4,1864753826,1.6933,4949,0,5173
shell,tokuda,500,few_unique,5,3921352636,1.7226,4889,0,5118
shell,tokuda,500,few_unique,6,2048741382,1.5513,4706,0,4936
shell,tokuda,500,few_unique,7,1118805955,1.6906,4905,0,5151
shell,tokuda,500,few_unique,8,60308648,1.5877,4811,0,5040
shell,tokuda,500,few_unique,9,3726325546,1.7005,4855,0,5101
shell,tokuda,500,few_unique,10,3738645480,1.6686,5045,0,5286
shell,tokuda,1000,few_unique,1,2437440079,4.0346,11558,0,12081
shell,tokuda,1000,few_unique,2,4155553746,4.007,11515,0,12059
shell,tokuda,1000,few_unique,3,1924014660,3.961,11466,0,11965
shell,tokuda,1000,few_unique,4,4006490763,4.0118,11394,0,11922
shell,tokuda,1000,few_unique,5,468399889,3.8448,11148,0,11634
shell,tokuda,1000,few_unique,6,2367674807,3.9726,11386,0,11894
shell,tokuda,1000,few_unique,7,3034658173,3.9836,11578,0,12075
shell,tokuda,1000,few_unique,8,2351240810,4.3427,11337,0,11859
shell,tokuda,1000,few_unique,9,2320500417,3.9458,11497,0,11983
shell,tokuda,1000,few_unique,10,2523796087,3.8752,11445,0,11979
shell,tokuda,100,nearly_sorted,1,1911213317,0.1533,479,0,482
shell,tokuda,100,nearly_sorted,2,1653137829,0.1498,485,0,485
shell,tokuda,100,nearly_sorted,3,2472402290,0.1738,558,0,566
shell,tokuda,100,nearly_sorted,4,1246955724,0.1715,551,0,554
shell,tokuda,100,nearly_sorted,5,801997237,0.1825,581,0,588
shell,tokuda,100,nearly_sorted,6,2820330615,0.1678,543,0,545
shell,tokuda,100,nearly_sorted,7,2046685052,0.1462,473,0,473
shell,tokuda,100,nearly_sorted,8,3253884088,0.1871,594,0,600
shell,tokuda,100,nearly_sorted,9,3765700075,0.1598,511,0,515
shell,tokuda,100,nearly_sorted,10,3965891272,0.1617,495,0,495
shell,tokuda,500,nearly_sorted,1,3618339112,1.6102,4660,0,4691
shell,tokuda,500,nearly_sorted,2,3485918757,1.6916,4392,0,4413
shell,tokuda,500,nearly_sorted,3,3648514451,1.5711,4441,0,4467
shell,tokuda,500,nearly_sorted,4,4079209076,1.532,4506,0,4543
shell,tokuda,500,nearly_sorted,5,2489771122,1.4886,4379,0,4405
shell,tokuda,500,nearly_sorted,6,1935153793,1.4228,4332,0,4360
shell,tokuda,500,nearly_sorted,7,3407305306,1.404,4275,0,4291
shell,tokuda,500,nearly_sorted,8,353789296,1.3439,4194,0,4199
shell,tokuda,500,nearly_sorted,9,2631883398,1.5131,4600,0,4634
shell,tokuda,500,nearly_sorted,10,2706462215,1.5773,4441,0,4457
shell,tokuda,1000,nearly_sorted,1,3629580546,3.7132,10466,0,10501
shell,tokuda,1000,nearly_sorted,2,1043830061,3.6984,10470,0,10497
shell,tokuda,1000,nearly_sorted,3,3141722290,3.7165,10505,0,10532
shell,tokuda,1000,nearly_sorted,4,946870804,3.804,10314,0,10353
shell,tokuda,1000,nearly_sorted,5,3412707896,3.803,10526,0,10569
shell,tokuda,1000,nearly_sorted,6,1428231901,3.7998,10456,0,10516
shell,tokuda,1000,nearly_sorted,7,3504320067,3.7978,10460,0,10505
shell,tokuda,1000,nearly_sorted,8,2996472582,3.9598,10416,0,10457
shell,tokuda,1000,nearly_sorted,9,2923108076,3.8274,10405,0,10433
shell,tokuda,1000,nearly_sorted,10,114661864,3.8362,10459,0,10489
shell,tokuda,100,random,1,2727303856,0.267,749,0,807
shell,tokuda,100,random,2,2473699103,0.2986,760,0,806
shell,tokuda,100,random,3,1680231637,0.2666,765,0,812
shell,tokuda,100,random,4,4211286945,0.2616,717,0,767
shell,tokuda,100,random,5,92928119,0.2724,771,0,819
shell,tokuda,100,random,6,532125690,0.2576,734,0,781
shell,tokuda,100,random,7,3439180443,0.2535,726,0,768
shell,tokuda,100,random,8,1116347426,0.2705,776,0,821
shell,tokuda,100,random,9,948454521,0.2696,766,0,819
shell,tokuda,100,random,10,2778524824,0.3721,705,0,751
shell,tokuda,500,random,1,1504501144,2.7708,5686,0,5946
shell,tokuda,500,random,2,774459493,2.9139,5717,0,5978
shell,tokuda,500,random,3,2163102318,2.4596,5700,0,5953
shell,tokuda,500,random,4,4244437633,2.3185,5625,0,5898
shell,tokuda,500,random,5,856226606,2.1716,5621,0,5881
shell,tokuda,500,random,6,3142190795,2.7811,5760,0,5981
shell,tokuda,500,random,7,2888969234,2.0511,5652,0,5901
shell,tokuda,500,random,8,2904264544,2.0362,5588,0,5826
shell,tokuda,500,random,9,3631070993,1.9631,5589,0,5825
shell,tokuda,500,random,10,1076693935,2.0083,5729,0,5980
shell,tokuda,1000,random,1,750843993,5.0949,13287,0,13790
shell,tokuda,1000,random,2,1533954791,4.9757,12962,0,13496
shell,tokuda,1000,random,3,1077747587,5.0927,13237,0,13748
shell,tokuda,1000,random,4,53413578,5.2207,13359,0,13868
shell,tokuda,1000,random,5,3185037723,5.0603,13004,0,13495
shell,tokuda,1000,random,6,1206384019,5.038,13042,0,13570
shell,tokuda,1000,random,7,4093659351,5.3067,12931,0,13448
shell,tokuda,1000,random,8,2667504740,5.1274,13136,0,13657
shell,tokuda,1000,random,9,3073561711,5.0097,13068,0,13574
shell,tokuda,1000,random,10,2795305861,5.0007,12981,0,13495
shell,tokuda,100,reversed,1,1436244341,0.232,625,0,699
shell,tokuda,100,reversed,2,1028283729,0.2222,624,0,696
shell,tokuda,100,reversed,3,2737609583,0.2237,622,0,695
shell,tokuda,100,reversed,4,1779861933,0.2226,623,0,697
shell,tokuda,100,reversed,5,200917231,0.2232,625,0,699
shell,tokuda,100,reversed,6,1912773091,0.2233,624,0,698
shell,tokuda,100,reversed,7,677258676,0.2246,622,0,696
shell,tokuda,100,reversed,8,3244782399,0.2354,622,0,696
shell,tokuda,100,reversed,9,3796214880,0.2354,623,0,697
shell,tokuda,100,reversed,10,2124216399,0.2287,625,0,699
shell,tokuda,500,reversed,1,2005286885,1.6726,4416,0,4788
shell,tokuda,500,reversed,2,3489295581,1.6583,4419,0,4791
shell,tokuda,500,reversed,3,3116232237,1.7238,4413,0,4785
shell,tokuda,500,reversed,4,4238366006,1.8636,4416,0,4788
shell,tokuda,500,reversed,5,2914199755,1.7396,4414,0,4786
shell,tokuda,500,reversed,6,1357970475,1.6173,4420,0,4792
shell,tokuda,500,reversed,7,917081460,1.5801,4412,0,4784
shell,tokuda,500,reversed,8,419980565,1.5159,4416,0,4788
shell,tokuda,500,reversed,9,2788573788,1.4772,4421,0,4793
shell,tokuda,500,reversed,10,3752314605,1.4826,4420,0,4792
shell,tokuda,1000,reversed,1,4202690751,3.4929,10344,0,11197
shell,tokuda,1000,reversed,2,430272795,3.678,10346,0,11199
shell,tokuda,1000,reversed,3,349375932,3.7817,10354,0,11207
shell,tokuda,1000,reversed,4,3403080980,3.7339,10357,0,11210
shell,tokuda,1000,reversed,5,3699512615,3.7441,10365,0,11218
shell,tokuda,1000,reversed,6,1490581366,3.7416,10352,0,11205
shell,tokuda,1000,reversed,7,3744626685,3.7595,10360,0,11213
shell,tokuda,1000,reversed,8,79776130,3.8522,10354,0,11207
shell,tokuda,1000,reversed,9,174647438,3.8296,10339,0,11192
shell,tokuda,1000,reversed,10,2924858879,3.7567,10356,0,11209
shell,tokuda,100,sorted,1,2398119636,0.1352,420,0,420
shell,tokuda,100,sorted,2,4065197528,0.1389,420,0,420
shell,tokuda,100,sorted,3,2814757767,0.1315,420,0,420
shell,tokuda,100,sorted,4,3877110562,0.1298,420,0,420
shell,tokuda,100,sorted,5,2749385531,0.1291,420,0,420
shell,tokuda,100,sorted,6,2310386536,0.1303,420,0,420
shell,tokuda,100,sorted,7,892683641,0.1334,420,0,420
shell,tokuda,100,sorted,8,2521684855,0.1294,420,0,420
shell,tokuda,100,sorted,9,38212703,0.1298,420,0,420
shell,tokuda,100,sorted,10,648639589,0.1301,420,0,420
shell,tokuda,500,sorted,1,1431978117,1.0442,3084,0,3084
shell,tokuda,500,sorted,2,3391405645,1.0732,3084,0,3084
shell,tokuda,500,sorted,3,3085931548,0.9922,3084,0,3084
shell,tokuda,500,sorted,4,2665190898,1.0014,3084,0,3084
shell,tokuda,500,sorted,5,176965319,1.0117,3084,0,3084
shell,tokuda,500,sorted,6,703775687,1.4436,3084,0,3084
shell,tokuda,500,sorted,7,1243525559,1.0341,3084,0,3084
shell,tokuda,500,sorted,8,2355722127,1.0437,3084,0,3084
shell,tokuda,500,sorted,9,1260173501,1.0017,3084,0,3084
shell,tokuda,500,sorted,10,207259503,0.9979,3084,0,3084
shell,tokuda,1000,sorted,1,304353766,2.46,7059,0,7059
shell,tokuda,1000,sorted,2,1410985724,2.373,7059,0,7059
shell,tokuda,1000,sorted,3,1781215744,2.3505,7059,0,7059
shell,tokuda,1000,sorted,4,3902654485,2.4223,7059,0,7059
shell,tokuda,1000,sorted,5,2035834473,2.3761,7059,0,7059
shell,tokuda,1000,sorted,6,1475972382,2.3652,7059,0,7059
shell,tokuda,1000,sorted,7,2057660952,2.426,7059,0,7059
shell,tokuda,1000,sorted,8,3004738892,2.4173,7059,0,7059
shell,tokuda,1000,sorted,9,1831955274,2.3943,7059,0,7059
shell,tokuda,1000,sorted,10,1296664028,2.3578,7059,0,7059
